Nr Wg;Naam werkgever
60028;Aria80 sprl                   
244070;Apprenti-Sage asbl            
677688;VERMEIRE JOSETTE              
678765;Biskra sprl                   
679371;AIM A.S.B.L.                  
679791;BDW Invest S.p.r.l.           
680022;Dragon Capital&Production scs 
82265;Bee Cleaning sprl             
203415;BEEBOLE SPRL                  
221004;Modaxinet sprl                
225124;Brussels Lawn Tennis club asbl
225330;ELECTRICITE LAMAGIE SPRL      
243244;TAHIRA & ART SPRL             
291250;TAXI TOUMI SPRL               
680008;SPLENDEUR DU FER SPRL         
681936;INFRA-TECH S.P.R.L.           
682592;GICAMADIVI S.P.R.L.           
683299;Takaz S.P.R.L.                
683851;OHM SOLUTIONS S.R.L.          
683939;3S MEDIA SOLUTION B.V.B.A.    
11213;Spectacles d'Aujourd'Hui asbl 
40640;AMG Ambulance sprl            
96294;Chloe Roose                   
97235;L.G.U. TRADING  SRL           
117295;Forja SRL                     
131269;KOC TRANS SCRI                
206016;ECOLE NOS ENFANTS ASBL        
219247;BARAKA NEW SPRL               
219254;MOUVEMENT FAUCONS ROUGES ASBL 
225312;JARDIN DU SUD SPRL            
237267;BSSI SPRL                     
679137;HAIRFLY SA                    
680632;CECODHAS A.S.B.L.             
682818;GOLDEN BEAN BELGIUM B.v.b.a.  
683093;BISCHOFFSHEIM MANAGEMENT      
683869;ASSIST SCOMM                  
684237;BOREAL SERVICE B.V.           
917140;ANGEL TRADING COMPANY NV      
190;N & B Partners sprl           
3931;DEAL EXPRESS                  
7515;MECANORAMA SPRL               
20063;BS Entreprise sprl            
94197;CLEANING SEVER & C° SPRL      
96606;BMBC GROUP SRL                
101555;PRO NET CLEAN & Co SRL        
206196;STRIMA MENUISERIE S.P.R.L.    
208204;Aircooling sprl               
228286;N.G.B. sa                     
228332;PUTZEYS & CO SRL              
243190;FONSECA FOGEL & CIE SPRL      
255141;LIVINGSTONES  VZW             
297000;GOLD CONCEPT SA               
297219;TOLLET SA                     
297231;RENE SIPLET SPRL              
397274;PHILOKALIA 3 SRL              
676172;EUROPE CLEANING SERVICES      
676392;DELLEUSE BASTIEN SRL          
678377;Absolute Agency sprl          
678856;Chilli Talk sprl              
683002;CRISTAL HOME DECOR SPRL       
683445;Coumans André                 
684886;MY AMERICAN SHOP S.P.R.L.     
4835;BIL SPRL                      
10365;Bel Bot sprl                  
165485;XEON INTERNATIONAL            
204019;Mekke sprl                    
232015;EVENT'IVES SPRL               
236039;Marly sa                      
236151;LA MAISON AFRICAINE ASBL      
236267;ORIOL INTERNATIONAL SA        
237188;ATELIER FERIN SCRL            
238141;COOPERATIVES EUROPE ASBL      
242239;Leodel SRL                    
248018;CINEUROPA AISBL               
7070;MARC DHONDT SPRL              
102309;L'ASSISTANCE COMPTABLE        
103086;CASANETTE SPRL                
122065;And'Or bvba                   
191136;DE FOOR MICHAEL               
230513;AUTO AXEL SCRL                
300225;UNADENTAL                     
457617;ABF TER SPRL                  
679462;PITTA KING S.p.r.l.           
680937;EUROCORD ASS INT              
683036;COMPASS ASSOCIATES S.R.L.     
683929;AS AMAR SARL (Loi Fr)         
685011;MS Orthodontics sciv sprl     
398447;ALTIJD MEER                   
470053;CGSP INTERSECTORIELLE         
473050;MAISON HOCQ SPRL              
682456;LOGIS SOINS S.P.R.L.          
3749;ROYAL PINGOUIN HOCKEY CLUB ASB
6424;PHARMA-THIM SPRL              
110397;Z.J.F. SPRL                   
450118;CONSEILS ET SERVICES SC       
460046;LA PISTE DU GOUT SRL          
475010;DAYIM SPRL                    
680721;PROFESSIONNEL DU CREDIT       
101936;BATI - FRERES                 
458245;CORO SPRL                     
96448;INGENIEURSBUREAU  BUYENS      
102888;JUST                          
303536;MVM COMPANY                   
398250;JUHASZ JOZSEF                 
677550;Burigat bvba                  
679167;JO'S DECORATIEWERKEN BVBA     
685059;EMALP                         
943344;Hoste Ann                     
7320;Goetmaekere bvba              
95942;Dr.JOHANNA DOSSCHE - HUISARTS 
97794;MRS Technical Support         
101586;NOMADS AGENCY                 
101993;FAST SERVICE CENTER           
678464;Hakan Finance bvba            
678487;WCIF BV                       
682177;ZORG ID BV                    
721623;Kerkfabriek Sint Pieter vzw   
860208;Van Moerkerke Autobedrijf nv  
894581;E.I.V. BVBA                   
899520;BUGGENHOUT - DE BRUYCKERE BVBA
921118;DR. K. DE CREM BV BVBA        
944444;A.B.A - FACTORING BV          
948493;Atlas bvba                    
948537;Arch.& Studieburo Rudi Coopman
948562;All Food Machines bvba        
948598;BONYF                         
949203;Segers-De Witte Zakenkant.bvba
950591;JO BVBA                       
479;Wyckhuys Bank & Verzeker. bvba
1756;PLEISTERW.S.VAN LANCKER BV    
3853;RD SCHRIJN- TIMMER- EN DAKWERK
6769;DAKWERKEN DEVREESE BVBA       
80661;Van Den Bulcke bvba           
90281;SDP Constructies bvba         
219378;VIDALIS B.V.                  
227213;Suleyman Atmaca Techniek bvba 
303566;CANAL 13 BVBA                 
303567;SOFORIM N.V.                  
330633;FEESTZAAL VALKENBULCKE BV     
396055;S.M.M. TALHA RENOVATIE & BOUW 
396337;NCOLOR                        
396847;OZDERIN                       
397520;EMO-DMR B.V.                  
397736;SOILTEK                       
398813;BE BA BALLOON                 
398920;LELIE                         
678394;FINANCIAL CASTING BV          
681235;MAARTEN VERNAEVE B.V.B.A.     
681477;KMS BUSINESS GROUP B.V.       
683264;LE THAI B.V.                  
684823;JD CONSTRUCT BV               
716229;Bavecon  BVBA                 
721725;BAUWENS ROZENKWEKERIJ N.V.    
890176;DE VREESE BVBA                
894679;AUDENAERT LUC & DIRK NV       
897069;A.D.M. NV                     
921097;HESTERS BVBA                  
924132;ASPESLAGH BV                  
924510;Aspeslagh - Klimatec bv       
935009;Tegeldecor bvba               
953038;Decoratieteam Roma cvba       
963353;BUYLE - PYL ZAKENKANTOOR BVBA 
989104;ROEL & PARTNERS BV            
3729;E I W BV                      
34511;D.O.V. BVBA                   
96922;DE KETELE YVES                
162024;El-Tec bv                     
223030;K & M CARS B.V.B.A.           
232071;Woj Bouw B.v.b.a.             
253099;OZMA MUSIC WARE VZW           
300454;MTEA BV                       
650199;IMAGE LINE nv                 
678720;J.A. MANAGEMENT GCV           
680103;LISA CONSULTING BVBA          
681748;BUILDING MATTERS N.V.         
683881;AFT B.V.B.A.                  
895130;VERDEN BV                     
920322;MLO INTERNATIONAL nv          
924145;TELE-SOUND NV                 
924167;GARAGE SNOECK BVBA            
924339;Meirhaeghe Garage bv          
924447;De Deyne Elswinde BV BVBA     
927183;GESQUIERE & VERROKEN BVBA     
929081;EURO ASIA INVEST&TRAD COR BVBA
929114;PIECE MONTEE NV               
940184;Martin Verbruggen bv          
944543;Aida Link nv                  
3776;MR WATCHLEY B.V.              
7472;Quro bvba                     
60750;Progeno bvba                  
96409;HANPO IMA-TECH                
98179;MARCEL DE VOS & C°            
169992;HSBCAD BVBA                   
208234;AMADEE VME                    
208352;Bor bvba                      
266504;D.C.F. NV                     
302770;CO-BO CONSULT VOF             
303598;ENVELMAN B.V.                 
396877;QUMALI BV                     
677657;EFFECT BVBA                   
678338;GREENSON BV                   
681179;DR. STEVEN VERCAMMEN BVBA     
929125;ADVOCATENKANTOOR DE GANCK CVBA
932182;ALL-WEB BELGIUM NV            
944462;IVW-Consult bv                
946250;Wauters & Co bvba             
946281;Heyvaert Jacques gcv          
946298;Eurozip bvba                  
952060;SIMAR BELGIUM BV              
481;Indumed bv                    
102837;QUBIQS BELGIË                 
258044;Context Nederlands vzw        
676671;Madon bvba                    
918011;VV&P BV                       
98226;THE RECHARGERS                
397973;ASASENSE                      
677292;Dragon Capital& Production scs
679200;INSURANCE PEOPLE N.V.         
3841;WOUTER VERVECKEN MANAGEMENT   
6509;VAN THUYNE B.V.B.A.           
70747;JUMILE bvba                   
70859;VERCONI BV                    
92038;Kaymak bvba                   
96671;OASI DI BELLEZZA B.V.         
98117;VD LOGISTICS B.V.B.A.         
98310;ARENA MULTIMEDIASHOP B.V.     
301012;G40                           
680075;AVH MANAGEMENT bvba           
680346;BOULDER & GRIT B.v.b.a.       
681245;NOVIDRE B.V.B.A.              
684462;HENDRICKX CONSULTING BV       
791684;IDEFICE BV                    
927084;AGIC INDUSTRIE NV             
962812;Injas BVBA                    
967660;TOM & ALOUIS BV               
967692;STOOP DRUKKERIJ BVBA          
968243;Het Bierhuis nv               
120328;VITRERIE GLASS SPRL           
244139;KASBAH D'ASIE SPRL            
300844;ATELIER MAB SRL               
301020;SIMBANANIYE MEDICAL SRL       
450446;OBTENTIO EUROPE SRL           
679712;TECHNIWIN SPRL                
680294;GIGAGRE SRL                   
70175;Ben Houmanne sprl             
98026;RAMASO SRL                    
230125;ARBinvest S.p.r.l.            
264033;CABINET MEDICAL ADAM SPRL     
268324;CABINET MEDICAL SHN SPRL      
450310;SERVICES RH SPRL              
679882;CABINET MEDICAL COLSOUL       
1696;GUSTIN LUC                    
3360;DEPARTEMENT PRODUCTIONS       
3978;O.D.L.S.                      
4350;BECA CONSULTING SRL           
80992;JFB SCS                       
101062;BUREAU GESTION&PROPRIETE SPRLU
105022;H.A. EXPRESS                  
211344;Chez Fatih 2 snc              
237128;ROSCHDI SPRL                  
254033;BRICOMEN SPRL                 
254056;Tabernacle Nouvelle All. asbl 
260599;Delhez Fils Sprl              
261247;Signal Flow sprl              
261542;CHEZ FATIH Sprl               
263071;FEDERATION PS LUXEMBOURG ASBL 
263083;Trevisani Entreprises sa      
263346;LES PLAFONNEURS REUNIS SPRL   
266137;ETS JAMOULLE SPRL             
292370;SHYLET SPRL                   
450008;BEL LIGHTING SPRL             
472145;ISORROPIA SA                  
480079;LARDIMMO SPRL                 
675939;Pali Pali sprl                
677143;SILVANHEM SCIV SPRL           
678081;Society Against Violent Extrem
678456;ECUA + S.p.r.l.               
678663;Studioi Planet A.S.B.L.       
679391;MOMIN S.p.r.l.                
680747;Garage KOONEN S.a.            
680748;COLIN ET FILS S.P.R.L.        
681020;CHEZ FATIH 3                  
681345;GREEN GARDEN PEETERS S.P.R.L. 
681376;NUH KASAP S.P.R.L.            
681774;AKL Consulting Sprl           
684045;D.G.S. SOINS SRL              
896099;Cepheid Benelux bvba          
2062;NEW SUN SPRL                  
3831;3D CLEANING                   
34010;EUGETEC SRL                   
80780;VVV CAPITAL                   
95953;Express Gretry                
96133;SERSOL - SERVICES AND SOLUTION
96505;Nea Construct sprl            
96758;AGD INVEST SRL                
102405;COMMERG                       
123522;Bureau d'Etudes Pluricité sprl
220206;BUREAU IMMOBILIERE PARIS SARL 
229025;Suite Bakery sprl             
283548;AHWAHNEE SPRL                 
301673;MOH PARTNERS                  
398370;BORNE4ALL                     
458025;BEST PARTNER SPRL             
458312;LMEP SPRL                     
675979;Phillips Temro Industries Euro
676940;morais and McQuaide sprl      
677184;Centre d'étude de recherche de
678474;DE LA CRUZ MARIA DEL PILAR    
678684;Beryl sprl                    
679125;OZMEN FATIH Pers.phys.proft   
679148;ORPALABRA sciv sprl           
679165;PICONE RAPHAEL                
679368;SERELIANA sprl                
680201;RENO GEORGES SPRL             
680840;LORECHIA S.P.R.L.             
682312;JACOBS BENOIT                 
683519;ONE LOVE COOP SCRI            
684839;NORDEX FOOD BELGIUM SRL       
3782;CONDRO MAT SRL                
50663;J-Connexion sprl              
80010;SOFICOEST SPRL                
98739;KREUSCH OCEANE                
100881;MAHARLIKA SERVICES            
260149;Liège Logement asbl           
262137;PAUL TINTIN SCPRL             
262143;TRJ SPRL                      
263222;LA ROUTE DU FEU ASBL          
265486;AXYLIUM BARCHON               
290332;TRE CLEAN SERVICE SPRL        
460008;PULLANO FREDERIC              
475280;ONSA SA                       
677924;Jourdan Eric                  
679250;Transports J.Delchambre sprl  
681544;ALPHA BUSINESS COMPTA FISCAL  
681598;LUXALLURE S.A.R.L.            
682837;DOCTEUR BLAIRVACQ EMMANUEL    
684115;ALPHEX S.P.R.L.               
96603;AGRI-WASSEIGES SRL            
97031;FAGEV MEUBLES SCRL            
98259;AMJ TRAVEL SRL                
98661;MERCIKI SRL                   
100330;YOTHI                         
100377;MAHALO                        
101349;BENSINA                       
101596;ERRAÎS INTERTRANS             
102323;MULTIMEDIA CENTER BENELUX     
102379;STJ RENOV                     
102406;RESIDENCE MALOLI              
161013;MEUBLES DECOREX SA            
184009;La Lune pour Rever asbl       
191037;Naila sprl                    
219135;LAURE SCRL                    
227083;Eye 4 Eye bvba                
228225;ILEA SRL                      
231119;SMART NETWORKS SPRL           
261157;MARIE & GUILLAUME STOCKIS SPRL
263227;Doneux-Huy sa                 
266648;CF MEUBLES SPRL               
267601;LES SAVEURS DES ABRUZZES SPRL 
269612;ONTIME TRANSPORT SPRL         
280061;PESCH INVEST SPRL             
676588;DENTAL ZEN SPRL               
677806;Ent.Agricole Fauville sprl    
678653;PHARMACIE DU TRIOMPHE S.p.r.l.
678705;OBJECTIFS VOYAGES SNC         
680696;REIS S.P.R.L.                 
681062;INPROVE S.P.R.L.              
681716;TACHE D'ENCRE Sprl            
682118;CIE ASBL                      
682410;DRHOM S.P.R.L.                
682838;A.M SMILE S.P.R.L.            
682978;CABINET MEDICAL BERCKMOES, LEG
683000;@VOCATS sprl                  
683237;GOTTAL CORINNE Pers.phys.nnprf
684663;Cofitax S.P.R.L.              
2624;LES NOUVELLES SAVEURS SPRL    
60767;Horeca Quality EMTS sprl      
96187;PECHE LOCATIONS               
96861;POLY'ART SPRL                 
98132;APERO SUR MEUSE SRL           
98154;BOLLE ISABELLE                
100274;CHAUFF'HOME CONSTRUCT         
102069;STAR BUTCHER                  
121093;Cabinet Dentaire Bernard sprl 
152007;Pêche sprl                    
208080;AZ Cargo sprl                 
214037;PRESAGE SPRL                  
231206;LAMAND FREDERIC               
234034;Garage Internation. A.G.A sprl
253083;Express Brugmann sprl         
253306;LM2 sprl                      
263117;TRANSPORTS VOLUMINEUX ROYEN   
266352;A.I.V. Securitec SA           
267144;LM SPRL                       
302182;ANTHOS SRL                    
398336;GILCOTEX SRL                  
450403;BONCHER ALAIN                 
455227;JADE & CO SPRL                
676273;ALTRO SPRL                    
676876;STRAETMANS JENNIFER           
678665;STRAUSS ENTERTAINMENT SPRL    
678974;DOCEMY SPRL                   
680017;Day by Day Bruxelles sprl     
680159;XIA HAIYONG S.p.r.l.          
680560;LE TEMPS D'UN DELICE SPRL     
680708;ESTEL HAIR SA                 
680950;C'GARDEN S.C.S.               
681791;MBM CONNECT S.P.R.L.          
682184;TM RENEW S.P.R.L.             
682360;WALSCHAP Joffrey              
682408;Atmospheres Culinaires srl    
684296;PAREJO MUNOZ Juana            
684402;Avalmart 503 SRL              
685010;Milo Maio Events SPRL         
2439;ANCA SPRL                     
7274;NITROXIS SRL                  
172436;PREGIOTEK SPRL                
204119;CEIR JAQUES-DALCROZE BELGIQUE 
220260;Ets. Michel Regnier sprl      
228028;DEYIRMEN FIREN SCRL           
260076;EXCELLEX SCRL                 
260281;BEAUVOIS Anne                 
261523;M.JOBKENNE et Fils SPRL       
261536;GRAPHITEX SRL                 
270161;Fidelium S.p.r.l.             
295025;FESTI SPRL                    
396012;MEDICALINE SPRL               
470069;ASSIST. EDUCATION LOISIRS ASBL
470070;EMANCIPATION OUVRIERE BAS.    
677742;KING OF COTTON BELGIUM        
679163;ECCHER Fabrice                
680005;WDM Services sprl             
680012;Niyaesh sprl                  
680736;Massin-Desenfans SNC          
680916;HASNA ET FILS S.P.R.L.        
681750;NAREMA, société d'avocats sprl
681960;TEAM PROJET S.P.R.L.          
682054;STATION DE LA GARE S.P.R.L.   
683004;SIMAA SPRL                    
3681;Hardenne Luc Epinçage SPRL    
96411;MASSOZ IMMOBILIERE            
101320;RS MENUISERIE                 
101530;COMMUNE RACINE                
160062;Cavdar sprl                   
165419;LM Gestion sprl               
207132;OOST PIECES SPRL              
260251;DELMOTTE DANIELLE             
264189;FOYER CULTUREL DE JUPILLE ASBL
264214;JERY REMY SPRL                
264228;DIRICKS EDDY                  
264246;ETS JULES SIMON SPRL          
264326;STETENFELD ALBERT             
264339;CENTRE COMMUNAL DES JEUNES JUP
264566;HONHON ANNICK                 
267132;GOMINA SPRL                   
267537;JM VERJUS AVOCAT SPRL         
267543;ORTHOPEDIE SANCHEZ SPRL       
267558;DL TRADING SPRL               
268210;SAGELEC SPRL                  
268398;HONG KONG SPRL                
396631;MAISON VINCENT                
397365;HARDENNE LUC SRL              
677804;HORUS EXPORT S.p.r.l.         
679066;Labo Dentaire Guillitte sprl  
679265;Russotto Giuseppe             
679316;19 A.S.B.L.                   
680422;ATECS SPRL                    
680642;Croc'Kids A.S.B.L.            
682172;O PARFUM D'ASIE SRL           
682438;ASSOCIATION ADAM - LAERA SASPJ
682783;BALTHASAR AVOCAT & ASSOCIES   
683218;RACK & STAND srl S.A.R.L.     
683823;REMY-PAQUAY FRANCOIS          
683873;NAIRIAN LOGISTICS Sprl        
4025;DP LANDSCAPE STUDIO           
5363;LE PLAISIR DE RECEVOIR SPRL   
8734;PRO BOWL SRL                  
96942;RAGHAV SRL                    
100493;HUYNH MINH                    
102705;JG CONSTRUCTION               
199015;L'AUBERGE DE L'ANCIENNE BRASSE
201234;METEHAN SCRL                  
208522;Fraipont Christian            
216312;Telli Yasin                   
218088;ATELIERS PASSION SPRL         
220203;Ophtaca sciv sprl             
243037;TIME GOLD CLEAN SPRL          
251153;VS Pro Consult sprl           
260172;BAG SA                        
262116;VAARTS SPRL                   
262734;SANGHA sprl                   
265347;BARBIER SA                    
265412;FABRIQUE D'EGLISE SAINT-PIERRE
266207;ORITEX SPRL/reorg.            
397219;TEXOR CONSTRUCT SRL           
450089;VIRIDIS SPRL                  
458026;AGOUVART SCRIS                
676041;NEWWORK BELGIUM SA            
676343;ECO SERVICES S.p.r.l.         
676481;UDDAN IT BELGIUM              
677695;XANTHI S.p.r.l.               
678309;LI TINGTING                   
678751;VANNESTE DOMINIQUE            
678967;Youthproaktiv aisbl           
679054;HEUZE JEAN PHILIPPE           
680007;Orangeblue sprl               
680168;CHEN QIANG                    
681494;TRAN Thi Kim Phuong           
681668;PROPULSE A.S.B.L.             
681718;CARA ALICIA                   
682005;Della-Pina Gaetan             
682725;MOUNS SRL                     
335;DNS COMPANY SPRL              
3558;Le Bruxellois SPRL            
6000;LE SOLEIL LEVAIN SRL          
6118;HALIDEAL SPRL                 
40085;MATIVA MANAGEMENT SERVICES SA 
97544;GOUT D'AFRIQUE                
100613;BEER CRUSH                    
100902;Roy Kevin                     
101040;Emiedi sprl                   
101575;Real                          
120051;ABC Construction sprl         
150005;ANTIPASTI-OLIVES              
215051;Hotel de Ventes Vanderkindere 
217438;VAN DO SPRL                   
219261;EUR-OLIVES SPRL               
220243;Ferrari Fils sprl             
232388;MERYEM MARKET SPRL            
245077;BRICO CASH SPRL               
253009;Le Goût sprl                  
264042;HERBEAUBOIS SPRL              
292308;ENDEL ENGIE SA                
396141;CR&FAMILY GROUP               
677853;VALASTRO SERVICES SPRL        
678724;SoRH SPRL                     
679578;DISTRICT K SPRL               
679730;BELGISSIME SPRL               
679847;M.V.E. & C°                   
681961;LE FOURTOU S.P.R.L.           
682288;EAGLE LOGISTICS S.P.R.L.      
682969;MB PRODUCTIONS SRL            
683184;BIOCYTE BENELUX S.A.R.L.      
683990;CDC ART CULINAIRE S.P.R.L.    
684310;LES COMPTOIRS D'ORTA LA BOUT. 
206186;Milo Maio Events sprl         
30538;Warlop BV                     
80064;Verdonck Alg. Bouwondern. bvba
100120;FIERENS Frans                 
104028;SNAUWAERT GEERT BVBA          
110068;Roberdo bvba                  
110205;MAENHOUT ALBERT BVBA          
110354;Rogiers bvba                  
110355;F.C.C. (Floor Contrs c°) nv   
110371;COSTENOBLE-VERGAUWE BV        
132680;HUYS MARC BV                  
679850;INTI BVBA                     
18163;Lauwyck G. bvba               
134077;AUTOBEDRIJF JOOST N.V.        
235018;Peoples Projects N.v.         
684498;MACHTIG BV                    
684499;NIRODEK BV                    
684500;KADEK BV                      
860274;VAN BRUAENE PASCAL            
967088;SELECTRON BVBA                
104052;JAMAGO BVBA                   
132603;ARCHUS BVBA ARCHIT.-STUDIEBURO
153258;ADL TRANS BVBA                
191096;SAMTECHNICS BVBA              
3658;TRITONIS bvba                 
104079;BLOEMENDAELE NV               
121044;FORWARD TRAVEL nv             
135083;VERDONCK CARLOS               
217306;BONGUSTA BVBA                 
680435;VEMATRANS B.V.B.A.            
684147;FREBA B.V.B.A.                
963087;VAN WAUWE PATRICK             
963244;A.I. & B JURGEN BV            
986068;VAN HIRTUM GEUDENS NV         
102194;PORTHOUSE BVBA                
123003;VAN WYNSBERGHE BV             
135117;Jomabrifi nv                  
153203;DHONDT GEERT bvba             
678688;VDD Project Development bvba  
680541;DAKWERKEN HOFMAN B.V.B.A.     
681071;PAVILJOEN B.V.B.A.            
1434;DEBUSSCHE SAMUEL BV           
35139;VAN DEN BERGHE & CO  NV       
92157;STASSIJNS BV                  
100182;VANLANDSCHOOT HOUT BVBA       
102664;CUVELIER PROJECTS BV          
104004;PLUIMERS ISOLATIE BV          
118062;RE-BAG BELGIUM BV             
118075;DISTRISALES-DS-IMPEX BVBA     
123119;MAENE MARC BVBA               
123142;STUDIO L + A BVBA             
153341;MELIX gcv                     
201223;DIGITANCE BVBA                
212410;GADEYNE PAUL BVBA             
540119;Somop nv                      
560114;Damme Danny bvba              
676207;LUNI BVBA                     
676602;ASTERIUS GCV                  
676603;TANDARTS DELOOF-BECKMANN GCV  
676627;'t Sneukeltje bvba            
676974;SOULBRICKS BV                 
677847;LS Translations bvba          
678746;LIEBIMMO BVBA                 
681497;WALDEN & SPENCER BV           
684907;BLYOTT NV                     
6407;TYTGAT KURT                   
50700;DERAM BV                      
80604;DERAM BELGIUM BV              
217129;VAN MOERZEKE SIERBESTRATING   
396494;ATELIER 76                    
681887;KIM YOURI                     
893028;HUYGEBAERT EN ZOON BVBA       
893067;Storme Dirk Constructieatelier
40682;Be Smart Energy BV            
127426;BEBAMBOO BVBA                 
683063;SLEEUWAERT TEEJAY             
683521;UNCLUTTERD V.O.F.             
790910;DHUYVETTER MARNIX EN ZOON BVBA
721775;Cadak BVBA                    
3063;OUDE MARKTVOERLIEDEN NATIE CVB
303388;VANCOMPERNOLLE- TUIN- EN OMGEV
623150;DE KEYSER BVBA                
967114;HINSSEN BVBA                  
968038;Viaene Garage Carrosserie nv  
27281;De Eiken Zetel nv             
96669;Durst Image Technology D. GmbH
229014;Arstey bvba                   
398434;LDM CONSULT                   
677600;EUROSPEAK-METODIKA ANTW. vof  
684709;TAXI8400 B.v.b.a.             
936050;VORM VZW                      
967138;Acar & Doma bvba              
967346;Aluti bv ovve bvba            
963754;REINAERT TENNISCLUB LOKEREN vz
8490;Diegotrans bvba               
9588;SOFTWARE4U GCV                
20526;Cuberdonië bv                 
29154;Agiva International bv        
165586;CADA BATTERIJEN BVBA          
256062;SENSO2ME NV                   
303727;OMEGA CONTRACTORS B.V.B.A.    
396769;PRIMA SERVICES                
682985;TALENTO BV                    
791917;VANDERSTRAETEN SERGE BVBA     
920198;Vleeswaren St.Joris Salaisonnv
965518;Sweets & Candy bv             
968259;Geldhof Confiserie nv         
987177;VAN STAPPEN & CADA NV         
60771;Heyman Wim Betonwerken bvba   
127561;COCHUYT DAVY Schilderwerken   
165693;Vervarcke Interieur bvba      
172391;LOIC CREATION                 
401171;DE KONING ZAKENKANTOOR BV     
401172;REG.BUREAU KREDIET EN BELEG.BV
401178;RESULTS BV                    
680210;SMITZ FINANCE B.v.b.a.        
719112;De Smet Erwin Transport bvba  
9840;Les Editions Goélette VBR     
40142;BROUWERIJ BOELENS BVBA        
97614;Creolo Chocolates             
101640;CARROSSERIE VAN DAMME C. BVBA 
165409;SOFTTOUCH-VLAANDEREN BVBA     
679456;LOKERSE AUTO SERVICE B.V.B.A. 
681735;BOO SERVICES BVBA             
683017;CODEKA B.v.b.a.               
684528;WF-PROJECTS BV                
792059;RAMONT Mario bvba             
962452;VAN REMOORTERE BV             
962578;GARAGE NYS N.V.               
963090;GARAGE BAZIEL VAN HOYE        
963107;SOFTTOUCH BVBA                
963113;VAN RAEMDONCK RUDI BVBA       
963301;SCHRIJNWERKERIJ VAN RAEMDONCK 
963364;THYSSEN PRODUCTIONS BVBA      
984186;A.C.O.D. HORIZ. SAMENWERKING  
988159;DAKDICHTINGSBEDR. ABELOOS BVBA
988602;CATENA BV                     
1730;MEDIAMIND BV                  
170367;ANL BVBA                      
170469;AGRITYRE BV                   
208240;BELGIAN BUTTON COMPANY BVBA   
266537;WILLEMS BV                    
679557;DE SLAAPSPECIALIST            
680764;RAYAN FOOD B.V.B.A.           
714123;DE BOEVER RIK BV              
894468;GARAGE WILLEMS M. BVBA        
919007;AMON CONSULTANTS BVBA         
919015;CHILLI DESIGN & MULTIMED. BVBA
929040;DE POTTER D'INDOYE EDOUARD    
935242;CAILLIET F-MATHIJS S EN CO    
960550;GARAGE TEMO BVBA              
961595;VAN KASTEREN GARAGE BVBA      
963187;ATB BV                        
963285;MEIRELEIRE KOEN               
963303;AMS BV                        
963522;D'EER ERIK                    
963712;VINCKE BV                     
963769;AUTOHANDEL SMET GEBR. NV      
989390;GEBR. DORISSEN BVBA           
25200;Elben Technics bvba           
90272;Insight-In bv                 
190029;De Zutter Stijn bv            
211284;BATTEAUW BV                   
215072;MARU DECO bvba                
241122;PAUWELS CHRIS BVBA            
265205;DE KLAPPER NV                 
893130;Glaswerken Baudoncq bvba      
935016;DE VOLDER B.V.B.A.            
935094;BOUW EN TUINHOUT GOEMINNE BVBA
962820;VANDENHENDE CARLO             
967052;AMIX ISOLATIECHAPES BV        
967090;VAN EENAEME A&F NV            
969035;Straumann - Dhoop bvba        
98787;EPL PROJECTS                  
683822;DICE BUSINESS Analytics BV    
102477;B&B GRONDWERKEN               
970113;DEVOS PLASTICS NV             
972479;DEVOS IMMO NV                 
255057;PAUWELS TRAVEL EVENTS         
260040;Cappo bvba                    
684130;PRO CONCEPTS BLUE ZONE        
973553;WILRO BV                      
190191;SARI ERKAN                    
677949;Aguirada bvba                 
714118;BFH Protection NV             
973302;SBPS bvba                     
682003;TI-JO TECHNICS BV             
924466;ANSOMAT BVBA                  
963304;Exposervice Bv                
972009;BOLLEN-VAN BLADEL BV          
972485;ELCOM BVBA                    
96177;DEFERME KATRIEN               
98017;VANDENPLAS PETER              
141010;Voorpyl Stefan bvba           
200156;BERFIL                        
205278;ERIC BANDEN BVBA              
215215;Klima-Tec Beringen bvba       
266565;Torremans gcv                 
677644;SMART-SELECT CVBA             
678758;KABASRECRUIT BVBA             
679149;AIR FILIP BVBA                
679569;FYI CONSULTANCY G.C.V.        
971505;GEWECO NV                     
971804;FISCAPLUS BVBA                
971952;KANTOOR HOYDONCKX BVBA        
974324;Alg.Dakw.Bastiaenssen bvba    
974329;CADAC GROUP NV                
97662;MK KLIMMO B.V.                
280071;MK KLIMA BV                   
396529;AQUAKLIMA                     
676873;Loven Beheer Internation. bvba
676894;MAX TRADING BVBA              
974351;BOUWONDERNEMING DREESEN BVBA  
974797;ALUMINIUMWERKEN NIVELLE GCV   
97336;OLIVANDER BV                  
97692;KUIJPERS NIELS                
120042;KDB PROJECTS VOF              
170831;SERVAS BVBA                   
251073;Garage Montana bvba           
396173;ALOR ELEKTRICITEITSWERKEN     
683481;GD MEDICAL BELGIUM B.V.       
971625;GARAGE CLAESKENS NV           
677218;ERIC BANDEN B.V.              
970616;Groep Mathimmo bvba           
949224;Dr Dirk Debussche bvba(926180)
27254;Lumiform Signs bvba           
35475;ALL LETTERING SCREEN SPRL     
35476;IMMOLINE SPRL                 
93232;HD Square Engineering bvba    
25041;TEMMERMAN & CO BVBA           
180043;Garage Boone Tom bv           
211119;Martens Building Managem. bvba
247024;Van Wilder Vastg.&Verbouw.bvba
398601;STONEX                        
530496;DECLERCQ THIERRY BVBA         
680405;GHENT AGGREGATES B.v.b.a.     
680643;J&P GREEN BV                  
681155;KBO777 G.C.V.                 
923049;INSIDE BVBA                   
15160;Star Matrassen BV             
93192;Diline Soft bvba              
216043;Simon Kylie                   
28126;APOTHEEK DAEM B.V.B.A.        
135082;B-Cables nv                   
984185;B.B.T.K.                      
984211;FEDERATIE METAAL VL-BRABANT FV
987090;BBTK KEMPEN                   
22109;ACNC BVBA                     
35701;Poortmans Dr. bvba            
91127;Van Mello schrijn.& keukens bv
93216;WIJNEN LE COMPTE BVBA         
681156;MDpp G.C.V.                   
860352;BAETENS - EKSAARDE BV         
893068;BESTMOTO CVBA                 
967625;BAFORT JOHAN BVBA             
303658;Vinco Engineering             
14102;De Bock-Schelfhout bv metaal  
37155;ELESCO BV                     
96595;BANENKA                       
117952;Rovacon bvba                  
130196;Solidpharma bvba              
402074;Meat Supply nv                
679576;HAMLAND CVA                   
790847;Conell bvba                   
987158;VAN STAPPEN-DE BACKER BV      
6741;Pama nv                       
102329;EMAX BVBA                     
208348;Igenia bvba                   
302969;SMERGEL                       
164;Johan Frisch bvba             
7272;Kiekens P & Zoon BV           
13051;A.S.E Int bvba                
13184;STONE DESIGN LAUWERYS BVBA    
13582;Van Mossevelde N bvba         
35949;Kris Van Den Bossche BV       
41014;Van de Steen Ric              
102790;G J PROJECTEN BVBA            
680304;VTRM TECHNIEKEN BVBA          
684716;VAN ROSSEM KRISTOF BV         
35498;H&S MANAGEMENT VOF            
41022;Betonboringen Schollaert bvba 
70285;GOEMAN bvba                   
82181;Photology bvba                
93254;DELTA SERVICES TROCH BVBA     
154015;DOKTER RAMAEKERS BV           
255125;MATHYS ORTHOPAEDICS BELUX NV  
398137;DIGI-LAB                      
398470;ANTHILL-GEST                  
398476;SOS ROOF                      
398559;KWASA - KWASA                 
267614;HEMMERSBACH GMBH & CO KG      
530424;ASA CLEANING BVBA             
44060;SLOTS AND DRILLING BV         
10035;Deweerdt Willy bv             
30637;GEERAERTS MARC BVBA           
30718;RONSIJN BRUNO BVBA            
30747;Van Den Rijse nv              
30808;Liebo bvba                    
70891;Vernipa BV                    
92147;Maegerman BV                  
92267;Vanhouwe Ramen en Deuren bvba 
93244;DE MEESTER CONSULTANTS BV     
301222;POLATT BVBA                   
398290;BOEL TONY & CO                
530306;VAN MIEGEM & ZOON BVBA        
681319;HWD Comm V                    
199019;Inhout bvba                   
896094;Fuhr Benelux bv               
6414;ARNOU MAKELAARSKANTOOR NV     
134075;Bridge bvba                   
398991;IMMO ARNOU                    
683760;LANDBERGH B.v.b.a.            
804248;Spiere Motors cv              
2342;KATH BASISSCHOLEN LIEDEKERKE  
96542;OBM B.V.                      
211337;Ivan DK bvba                  
411042;THOR GMBH                     
870177;RMIG nv                       
100482;EQUILAUR INVEST               
215069;Imdeline bv                   
302958;IMMO DAUWE                    
318091;DULAUR INVEST BV              
550185;SACKX-COUSSEMENT BV           
570039;FURNITURE ALCOS BVBA          
570073;Divaco bvba                   
570095;Holding Immotur cva           
681505;TAVATI SECURITY POWER B.v.b.a.
865189;Binzel Benelux bv             
973689;Sprint Design Belgium bvba    
11324;V.D.B. Company bvba           
192058;HAARDANS BVBA                 
200551;DE GRENSHOEVE Bvba            
229031;HOF VAN HERZELE BVBA          
302701;SLAGERIJ GUNTHER EN WENDY     
397754;BOEMERANG                     
680856;AKS TECH BVBA                 
684178;IVG-Scholengroep VZW          
684368;Ben Hamouch Soufian           
870095;DE SUTTER BVBA GARAGE         
897087;REFLEXION NV                  
923336;D&D VASTGOED NV               
962802;T & L N.V.                    
963238;CRYSTAL CLEANING BVBA         
101527;MOOBIEL B.V.                  
683191;Alphonsius B.v.b.a.           
684858;VAN DEN DRIESSCHE STIJN       
791630;Le Rycke David bvba           
96928;JOHAN LIPS VOF                
96984;UNIGIFT BVBA                  
97163;ALL-ACCOUNT BVBA              
70708;Jacobs vastgoed gcv           
98747;FOUR ADVICE                   
165411;SCL CLEANING BVBA             
530538;Marit. interieurinricht. bvba 
550174;Jap De Loof Alain bvba        
570022;Moerman nv                    
580000;Marc Sanitair & CV BV         
580025;DE POURCQ R BVBA              
659001;BRAECKMAN - VERDONCK BV       
679652;UYTTERHOEVEN & PARTNERS       
682845;FRASI                         
791858;MARC SANITAIR & CV BV         
791867;FIRE DOORS & PROJECTS BV      
896056;FLEET COMPLETE BELGIUM BVBA   
988667;BOLD&PEPPER                   
98426;ALIMCO                        
140358;PATIRON COMMV                 
300658;MARTENS STEVE                 
300772;BISSCHOP CHRISTOPHE           
313211;Van Gysegem Annick            
684895;GILLES EN ZIJN TUINEN BV      
3276;PATIO                         
9222;Notte Koen gcv                
9224;Notte Bert gcv                
9227;Notte Dries gcv               
11243;Groep D bvba                  
96618;GEVELGROEP                    
96649;ANDRIES-DE SCHEEMAEKER        
190206;TDM INC. BV                   
251301;Joossoda bvba                 
510212;Socodecor bvba                
510236;De Paepe M. en W. BV          
520062;Novo I.B. nv                  
520063;PR-Patrimmo bv                
679570;BINTEIN-BINTEIN BUSINESS CARE 
830064;Vandewalle Verzekeringen bvba 
2809;Maaiers Verschueren bv        
3422;URSI                          
6287;De Pauw Betonwerken bvba      
96508;Geka Pomping bvba             
102574;LOCTAX N.V.                   
300170;C.B.S. bvba                   
413434;Strobbe-Dellaert BV           
678125;JUMOO BV                      
679994;CUT, PASTE & PAINT B.v.b.a.   
680487;BRAM VAN WESEMAEL B.V.        
681758;BULTEEL B.V.                  
830067;LAHAYE BVBA                   
830069;Van Coile & Partners cv       
830114;LEFEBVRE BVBA                 
897104;LVP-Stables bvba              
790983;VAN STEENBERGHE BVBA          
30647;DE BING VOF                   
50855;Teirlynck - De Meyer bv       
165626;Steritec nv                   
201299;PIXID NV                      
206048;Patrick Van hecke bvba        
300347;FOGACO                        
302670;KNALLE BV                     
678249;Fleggs cv                     
682620;Lingerie Triolet V.O.F.       
840466;De Meyer en co                
162;De Rooze Frederik             
13190;Verstuyft bvba                
25054;JOCARLUX   BVBA               
25180;DSJ bvba                      
29279;Janssens Pascal Zakenk. bvba  
30654;VAN GEYT ONDERNEMINGEN BVBA   
31008;VERLIEFDE DANNY BVBA          
31047;KANTOOR GALLE BVBA            
40159;Schilderwerken Van Nuffel bvba
50215;TMT ISOLATIEBOUW BVBA         
70867;NOMAG NV                      
81219;Wytsman Patrick bvba          
82227;PAPELEU KRISTOF BVBA          
92091;DE PAUW DAKBEDEKKINGEN BVBA   
92159;SCHIETTEKAT BVBA              
94127;AMO SPORT BVBA                
98262;DE POOLDOKTER                 
100028;New Glass Technology bvba     
102105;SVD INVEST B.v.               
130420;CETRAPLI BVBA                 
165240;AREC KOELTECHNIEK BV          
170592;KDC Bouwwerken bvba           
173510;WDN BV                        
200395;Bautrade bv                   
215254;ARTE DECOBELLO BV             
231104;Parent David                  
265382;MOTAC BVBA                    
300283;GOOSSENS HEFTRUCKS            
398537;DETEAM                        
676267;Cathana sprl                  
678728;VANDEVELDE BERNARD B.v.b.a.   
679611;A.G.I.M. bv                   
680281;BELIVLAR BV                   
682939;NIELS DE LOOF G.C.V.          
682951;TACK BV                       
683563;Vanwynsberghe Stevy           
684567;DM INVEST CommV               
684568;PDM CommV                     
684642;ELEK VDS BV                   
860217;FULLTIME SERVICE BVBA         
860327;FRANK AFSCHRIFT BVBA          
894600;HOFMAN D & W BVBA             
910002;VANMARCKE NV                  
910373;DEGINIC BV                    
910605;KESTELYN-DEVOS ALG.AANN.BVBA  
910638;GARAGE VANGHELUWE NV          
910640;Loratex bvba                  
910689;Zakenkantoor DWG bvba         
913084;DE MEYER NV                   
35319;KNOP BV                       
97279;DCM INTERIEUR                 
97983;HST Insurance                 
127505;ERDI ELECTR BV                
228260;DE DONCKER D. BVBA            
676433;Demoor zakenkantoor bvba      
677698;Verbiest en Zoon BV           
678051;TENANTE BV                    
680180;SERRY & ZOON B.v.b.a.         
683914;GARDA GROUP B.V.              
684140;QUALITY AIR BV                
910727;BOTHUYNE DAKWERKEN BV         
912039;Rottiers Guy bvba             
912060;WACHTELAER BVBA               
912070;VANDEN BROUCKE BETON          
912074;Jillco nv                     
912097;Wetterse Dakwerken bvba       
912139;GAVA INVEST BVBA              
912225;Rox bvba                      
914049;Sint Michiel vzw              
914050;Sint-Michiel Agape vzw        
917582;DAKWERKEN BATAILLE BV         
925026;Van Vlaenderen bvba           
932320;NIV 003 BV                    
910732;VANDERCOILDEN DIRK Bvba       
100223;GFC Infra bvba                
520101;DE KEYSER DIMITRI BVBA        
791494;VAN CAUWENBERGHE-VD PLUYM BV  
792077;AXMA NV                       
967795;CAUWELS GEBROEDERS BVBA       
92239;Seynaeve Group                
132519;MAENHOUT WOONINRICHTING BV    
162865;XTec BV                       
200258;Seynaeve Verhardingswerk. bvba
206162;PARKET LINE                   
303035;CLIFFORD ELECTRONICS BELGIE   
303453;ARTHUR MAENHOUT B.V.          
915064;Verandaland nv                
916251;BALCAEN THIERRY VOF           
917287;G2 Invest                     
944520;Evenementtours bvba           
6823;Sarrazijn Benny bv            
95042;S.D.S. bvba                   
102925;DMP-HIGIA                     
165532;GEBROEDERS REUBENS BV         
165925;VERAART & PARTNERS KNOKKE BV  
170707;Group Bockhodt NV             
190448;Mentor and Men cvba           
193096;EUROTRADING MORTIER BVBA      
230041;Deesse nv                     
230345;VAN MAELE DOE HET ZELF BVBA   
430065;Intercare nv                  
682801;VERAART & PARTNERS BV         
952530;JCR & Zonen bv                
6751;Ongenae Christiana            
7010;Cool Bernard                  
172195;FANTASIA VERLICHTING NV       
193009;ATB AUTOBANDEN NV             
2603;Alcro BV                      
4143;Van Kerckhove Marty bvba      
6835;Verbanck Kevin                
25098;Blindeman Luc bvba            
30225;Maes Algemene Bouwwerken nv   
31135;BMS BV                        
32006;Hesa bv                       
35190;VANDER HOEVEN BV              
35605;SPLENDIDE KEUKENS BVBA        
70992;Dakwerken EDJ bvba            
92063;CEVAS BVBA                    
92069;DE Dijcker J-Lammens nv houth 
92114;Reka bvba                     
95993;SONKE'S GARDENS               
200416;New Mertens Aqua Engineer bvba
214029;Implex bvba                   
228175;BELLEMANS ALAIN BV            
231142;Frach bv                      
234284;Natuursteen Mesdagh bv        
241045;Produra bvba                  
247021;BAKERONLINE NV                
300686;NICOVAST                      
301543;DE BUGGENHOUTSE DAKWERKEN     
303011;STEEVA                        
317060;Van Durme José bvba           
396297;Localtomorrow nv              
396446;PLEISTERWERKEN CS & CO        
397594;MADI B.V.                     
530291;VAN DEN ABEELE BV             
560030;GEBR.CRUCKE BERN.& CHRIST.BVBA
679216;BART DELLOBEL BVBA            
680127;CLAUS BINNENSCHRIJNWERK BVBA  
681074;INNOVARTO B.V.B.A.            
682092;RENOVA -SOLUTION B.V.         
684518;PROWIZE BV                    
684614;VOS JAN                       
915131;VERBIEST EN ZOON  BV          
99453;Oostendse Dakwerken Vannes    
102975;GUTAJ TASIM                   
129868;Menu Tom                      
172032;JONCKHEERE JAN                
174168;BOONE PATRICK                 
194500;CASIER & ZONEN GARAGE-CARR. NV
194610;DINAKO BVBA                   
195215;MYLLE RONNY BVBA              
237502;Vleeschouwers Olivier         
300393;HENRIK MOTORS                 
396562;MONSECOUR BRIAN               
678508;SONCK IT bvba                 
678651;BOUWWERKEN VERMOTE            
684399;KERLINE BV                    
13107;Fort Jaco nv                  
100851;JUROFFICE                     
101713;MAEBE CHRISTOPHE B.V.B.A.     
234360;Inee bvba                     
303841;SIBREN VANGRAEFSCHEPE         
676641;OVINTO cvba                   
677455;Space2M N.v.                  
682870;ANL Services B.V.             
913116;D'Huyvetter & Zoon bvba       
917900;DE COMPANIE BV                
1372;Van Damme Filip bvba          
4442;Heat Events BV                
4812;Hinco BV                      
5665;Alfa Costa bvba               
11106;RUWELKA VERZEKERINGEN BV      
17148;Beta Costa bvba               
95214;AS PROJECTS                   
170250;SOREYN EN JOORIS ELECTRIC BVBA
170379;GLOBAL TRAVEL NV              
170380;DURANET BV                    
170397;REISBUREAU VAN DYCKE BVBA     
170662;CARSAN bvba                   
170815;ANN VANTIEGHEM bvba           
172303;Allard Kaligraffic nv         
175059;BARBIER-BELCOMAT BVBA         
179026;Schmidt & Zoon bvba           
179044;Gergel Telecom Solutions vof  
180457;PLACORA BVBA                  
180468;CASSELMAN BVBA                
180483;AUTOBEDRIJF GEERT BRACKX      
180516;Monsieur bvba                 
180717;EVERCLEAN BV                  
180762;VN Produkties bvba            
191183;OSTEND DATA FIDUCIAIRE BVBA   
194015;Brackx bvba                   
231024;MEULEMAN & ZONEN BV           
301080;CYBERCOM.BE                   
397239;FISCABEL OF NAZAR OF NAZAR CON
676066;ASSUVANN BV                   
676472;MODUCO GCV                    
678300;MODULUX BVBA                  
678702;HOLIDAY OSTENDIA SEA VIEW BVBA
679063;Duranet International BV      
679527;THIMIS GCV                    
681185;AQUIS B.v.b.a.                
681395;BRACKX INVEST B.v.b.a.        
681465;AUTOBEDRIJF BRACKX VEURNE     
681683;MYRLEN B.v.b.a.               
682009;TOTALFLOORS B.v.b.a.          
682794;SIGMA MT -Demurrage Desk      
684047;DEMCA B.V.B.A.                
714172;ICON TECHNOLOGY BV            
790689;De Vleeschouwer Tandarts BV   
791712;Olivier Stevigny ebvba        
917313;Dokter Essel bvba             
954056;Guncar bv                     
954057;Verschueren Tract.& Smed.bv   
96450;EXPRESS VERHUIZINGEN EN LIFTSE
177028;Vynck Johan bvba              
15082;Sanitair Vandewalle bvba      
27101;Decovama bvba                 
35800;Copler nv                     
98296;MEERSSEMAN PAULIEN DR. B.V.   
154017;Bistro-Bar Spyros bvba        
200435;HOUTCREATIES VANTOMME         
303507;CORDONNY GEERT                
681659;DENTRA EVENTS VANTOMME        
684483;SNS CONSULTANCY BV            
714178;Vancaester-Glorieux BVBA      
944642;Sanitair Vandewalle bvba      
10614;Idee Invest bv                
15015;O.P.S.-TECHNICS SPRL          
21108;VANDRIESSCHE ARCHITECT BV BVBA
101843;FEMINCK BV                    
110398;MANU PROJECTS                 
241148;Party Professionals bvba      
266562;Tent Cleaning Company bvba    
396053;SERVIDA                       
410063;VRIENDEN V. VOSSELAERE PUT VZW
410120;DE LOOR INVEST BVBA           
530223;RUMAT NV                      
530518;LOSKO RENOVATIE NV            
912185;NOLLET FRANKA                 
917131;Moments Furniture nv          
96633;LEDBLOX                       
967320;HEBBRECHT STEVEN BVBA         
924154;D.I.C.E. NV                   
